"price","year","manufacturer","make","fuel","miles","title_status","transmission","drive","type","paint_color"
22168,2011,"mercedes-benz","viano","diesel",203593,"rebuilt","manual","fwd","van","black"
9437,2011,"ford","s-max","diesel",137316,"rebuilt","manual","fwd","van","black"
1073,2002,"hyundai","matrix","gas",182000,"rebuilt","manual","fwd","van","black"
1846,2012,"chrysler","town-country","gas",122800,"clean","manual","fwd","van","black"
3515,2006,"fiat","doblo","diesel",155623,"clean","manual","4wd","van","black"
6624,2008,"seat","alhambra","diesel",129620,"clean","manual","4wd","van","black"
36639,2013,"mercedes-benz","viano","diesel",67000,"rebuilt","manual","fwd","van","black"
10732,2014,"opel","combo","diesel",31447,"rebuilt","manual","fwd","van","black"
924,2007,"opel","vivaro","diesel",122000,"clean","manual","rwd","van","black"
5911,2010,"skoda","roomster","diesel",55700,"clean","manual","rwd","van","black"
3645,2005,"ford","transit","diesel",185200,"clean","manual","4wd","van","black"
12916,2005,"mercedes-benz","viano","diesel",205000,"clean","manual","rwd","van","black"
8142,2005,"mercedes-benz","viano","diesel",321000,"clean","manual","4wd","van","black"
3697,2004,"ford","transit","diesel",313011,"clean","manual","4wd","van","black"
12762,2015,"fiat","doblo","gas",1,"clean","manual","4wd","van","black"
1665,1998,"citroen","berlingo","diesel",224000,"rebuilt","manual","fwd","van","black"
14766,2011,"mercedes-benz","vito","diesel",205000,"clean","manual","rwd","van","black"
14729,2008,"mercedes-benz","viano","diesel",180000,"clean","manual","4wd","van","black"
6658,2014,"ford","fiesta","diesel",45550,"clean","manual","4wd","van","black"
921,2007,"mercedes-benz","vito","diesel",167000,"clean","manual","4wd","van","black"
2549,2002,"ford","transit","diesel",208011,"clean","manual","4wd","van","black"
29977,2012,"mercedes-benz","viano","diesel",91000,"rebuilt","manual","fwd","van","black"
4404,2002,"opel","vivaro","diesel",235000,"clean","manual","4wd","van","black"
3515,2009,"opel","combo","gas",136520,"clean","manual","rwd","compact","black"
10658,2010,"nissan","qashqai","gas",180000,"clean","manual","rwd","compact","black"
961,2011,"ford","mondeo","gas",100,"rebuilt","manual","fwd","compact","black"
11839,2012,"seat","altea","diesel",137800,"clean","manual","fwd","compact","black"
10729,2012,"opel","insignia","gas",152000,"rebuilt","manual","fwd","compact","black"
6287,2011,"skoda","roomster","diesel",145000,"clean","manual","4wd","compact","black"
15166,1995,"bmw","x1","gas",151000,"clean","manual","4wd","compact","black"
12028,2010,"mercedes-benz","vito","gas",76411,"rebuilt","manual","fwd","compact","black"
8138,2007,"suzuki","grand-vitara","gas",118000,"rebuilt","manual","fwd","compact","black"
884,2010,"mercedes-benz","vito","gas",85722,"rebuilt","manual","fwd","compact","black"
7953,2012,"skoda","octavia","diesel",184000,"clean","manual","fwd","compact","black"
29570,2009,"porsche","cayenne","gas",139000,"clean","manual","rwd","compact","black"
5917,2011,"skoda","fabia","gas",2000,"clean","manual","4wd","compact","black"
961,2012,"skoda","octavia","diesel",93500,"clean","manual","4wd","compact","black"
8508,2011,"skoda","octavia","diesel",157000,"rebuilt","manual","fwd","compact","black"
924,2011,"skoda","octavia","diesel",114500,"clean","manual","4wd","compact","black"
7401,2010,"skoda","octavia","diesel",156370,"rebuilt","manual","fwd","compact","black"
7768,2012,"skoda","octavia","diesel",152300,"clean","manual","4wd","compact","black"
5547,2011,"skoda","fabia","diesel",1600,"clean","manual","rwd","compact","black"
13686,2011,"subaru","outback","diesel",6024800,"clean","manual","rwd","compact","black"
10621,2012,"toyota","auris","gas",122179,"clean","manual","4wd","compact","black"
7768,2011,"skoda","octavia","diesel",196500,"clean","manual","4wd","compact","black"
7768,2012,"skoda","octavia","diesel",180800,"rebuilt","manual","fwd","compact","black"
5547,2009,"fiat","500","gas",99000,"rebuilt","manual","fwd","compact","black"
6439,2009,"skoda","octavia","gas",186000,"rebuilt","manual","fwd","compact","black"
7028,2011,"ford","focus","gas",141000,"clean","manual","fwd","compact","black"
3663,2006,"citroen","c3","gas",89374,"rebuilt","manual","fwd","compact","black"
924,2011,"skoda","octavia","diesel",139500,"clean","manual","rwd","compact","black"
8878,2012,"skoda","octavia","diesel",144000,"clean","manual","4wd","compact","black"
7398,2009,"skoda","octavia","diesel",139500,"rebuilt","manual","fwd","compact","black"
16247,2008,"bmw","x5","gas",208000,"clean","manual","4wd","compact","black"
1369,2003,"citroen","saxo","gas",99300,"clean","manual","rwd","compact","black"
5070,2007,"mazda","2","diesel",140700,"rebuilt","manual","fwd","compact","black"
924,2011,"skoda","octavia","diesel",129500,"rebuilt","manual","fwd","compact","black"
4774,2007,"ford","focus","gas",300000,"clean","manual","4wd","compact","black"
1406,2002,"ford","mondeo","gas",100,"rebuilt","manual","fwd","compact","black"
2953,2004,"seat","ibiza","gas",149126,"rebuilt","manual","fwd","compact","black"
5144,2004,"skoda","octavia","diesel",176000,"clean","manual","fwd","compact","black"
3693,2012,"smart","fortwo","gas",15000,"clean","manual","rwd","compact","black"
921,2012,"skoda","octavia","diesel",0,"clean","manual","fwd","compact","black"
4774,2009,"skoda","fabia","gas",117000,"rebuilt","manual","fwd","compact","black"
4404,2007,"skoda","fabia","gas",119000,"clean","manual","4wd","compact","black"
2886,2005,"citroen","c5","gas",100,"clean","manual","rwd","compact","black"
30347,2011,"bmw","z4","gas",69000,"clean","manual","4wd","compact","black"
9252,2009,"skoda","octavia","gas",195,"clean","manual","4wd","compact","black"
4034,2004,"skoda","octavia","gas",100,"clean","manual","4wd","compact","black"
6994,2008,"suzuki","grand-vitara","gas",78000,"clean","manual","4wd","compact","black"
536,2012,"skoda","fabia","gas",172,"clean","manual","rwd","compact","black"
4811,1955,"skoda","octavia","gas",140700,"clean","manual","4wd","compact","black"
3515,2006,"skoda","fabia","gas",500,"rebuilt","manual","fwd","compact","black"
15725,2010,"audi","a5","diesel",139000,"clean","manual","fwd","compact","black"
4256,2005,"citroen","c5","gas",100,"clean","manual","4wd","compact","black"
11695,2012,"skoda","superb","diesel",169000,"rebuilt","manual","fwd","compact","black"
1476,2002,"fiat","punto","gas",115900,"clean","manual","rwd","compact","black"
4766,2005,"skoda","octavia","gas",124114,"clean","manual","fwd","compact","black"
6254,2007,"skoda","octavia","gas",200000,"clean","manual","4wd","compact","black"
2183,2004,"ford","focus","gas",152000,"clean","manual","rwd","compact","black"
5729,2008,"ford","c-max","gas",189000,"clean","manual","4wd","compact","black"
4774,2005,"skoda","octavia","gas",100,"clean","manual","4wd","compact","black"
5736,2009,"suzuki","swift","gas",80200,"rebuilt","manual","fwd","compact","black"
5662,2005,"skoda","octavia","gas",212700,"clean","manual","rwd","compact","black"
883,2010,"skoda","octavia","diesel",164600,"rebuilt","manual","fwd","compact","black"
6254,2007,"skoda","octavia","gas",103,"clean","manual","4wd","compact","black"
3293,2005,"skoda","fabia","gas",127000,"clean","manual","4wd","compact","black"
1073,2001,"citroen","xsara-picasso","gas",261000,"rebuilt","manual","fwd","compact","black"
2202,2003,"opel","corsa","gas",100,"clean","manual","rwd","compact","black"
5547,2008,"opel","vectra","gas",236000,"clean","manual","rwd","compact","black"
3182,2007,"skoda","fabia","gas",126000,"clean","manual","4wd","compact","black"
4437,2011,"citroen","c1","gas",99000,"clean","manual","4wd","compact","black"
14063,2012,"skoda","superb","gas",70000,"clean","manual","rwd","compact","black"
924,2011,"skoda","octavia","diesel",125000,"rebuilt","manual","fwd","compact","black"
15136,2011,"skoda","superb","gas",60500,"clean","manual","rwd","compact","black"
1661,2000,"toyota","corolla","gas",115000,"rebuilt","manual","fwd","compact","black"
8134,2013,"opel","astra","gas",174390,"rebuilt","manual","fwd","compact","black"
11880,2009,"chrysler","grand-voyager","diesel",187500,"clean","manual","rwd","compact","black"
3142,1966,"opel","zafira","gas",142977,"clean","manual","4wd","compact","black"
2586,2004,"ford","focus","gas",100387,"clean","manual","rwd","compact","black"
3700,2015,"toyota","avensis","diesel",259000,"clean","manual","rwd","compact","black"
2405,2003,"skoda","fabia","gas",117000,"clean","manual","4wd","compact","black"
4774,2001,"ford","transit","diesel",154000,"clean","manual","rwd","compact","black"
3663,2003,"skoda","octavia","gas",220000,"clean","manual","4wd","compact","black"
11065,2008,"audi","a6-allroad","diesel",282000,"clean","manual","4wd","compact","black"
8623,2012,"skoda","octavia","gas",100,"clean","manual","rwd","compact","black"
3663,2006,"jaguar","x-type","diesel",180000,"clean","manual","4wd","compact","black"
2179,1061,"toyota","yaris","gas",106150,"clean","manual","4wd","compact","black"
11435,2010,"skoda","superb","diesel",187756,"clean","manual","4wd","compact","black"
462,1298,"skoda","octavia","gas",129800,"clean","manual","rwd","compact","black"
22945,2011,"bmw","x5","gas",109521,"clean","manual","rwd","compact","black"
3663,2004,"skoda","octavia","gas",164000,"rebuilt","manual","fwd","compact","black"
499,2008,"opel","astra","gas",144000,"clean","manual","4wd","compact","black"
847,2008,"skoda","superb","diesel",256000,"rebuilt","manual","fwd","compact","black"
6099,2011,"skoda","fabia","diesel",146249,"clean","manual","4wd","compact","black"
7398,2012,"skoda","octavia","gas",239560,"clean","manual","rwd","compact","black"
3693,2008,"opel","combo","gas",140741,"clean","manual","4wd","compact","black"
3031,2005,"mazda","2","gas",151000,"clean","manual","4wd","compact","black"
13504,2011,"skoda","superb","gas",103,"clean","manual","rwd","compact","black"
9474,2012,"skoda","superb","diesel",100,"clean","manual","rwd","compact","black"
4063,2007,"ford","fiesta","gas",7470000,"rebuilt","manual","fwd","compact","black"
4071,2010,"mazda","2","gas",102000,"clean","manual","rwd","compact","black"
10695,2004,"porsche","cayenne","gas",5090000,"clean","manual","rwd","compact","black"
2590,2010,"mini","cooper","gas",190000,"clean","manual","rwd","compact","black"
3108,2001,"ford","galaxy","gas",1284000,"clean","manual","4wd","compact","black"
4807,2006,"nissan","terrano-ii","diesel",216000,"clean","manual","fwd","compact","black"
4774,1910,"opel","astra","gas",221804,"rebuilt","manual","fwd","compact","black"
2775,2004,"skoda","fabia","gas",148552,"rebuilt","manual","fwd","compact","black"
4404,2005,"opel","astra","gas",100,"clean","manual","rwd","compact","black"
921,2013,"skoda","octavia","diesel",97500,"clean","manual","4wd","compact","black"
1702,2004,"ford","ka","gas",60000,"clean","manual","4wd","compact","black"
7735,2011,"ford","transit","diesel",108000,"clean","manual","rwd","compact","black"
5810,2008,"skoda","octavia","gas",234500,"clean","manual","rwd","compact","black"
5144,2006,"skoda","octavia","gas",100,"rebuilt","manual","fwd","compact","black"
8878,2009,"ford","mondeo","gas",84000,"clean","manual","rwd","compact","black"
3886,2009,"ford","fusion","gas",100,"clean","manual","4wd","compact","black"
2216,2003,"ford","focus","diesel",178000,"rebuilt","manual","fwd","compact","black"
5070,2003,"mini","cooper-s","gas",118000,"clean","manual","4wd","compact","black"
13656,2014,"skoda","octavia","gas",120000,"clean","manual","4wd","compact","black"
1291,1998,"audi","a4","gas",267105,"clean","manual","fwd","compact","black"
3145,2006,"seat","ibiza","gas",156000,"clean","manual","4wd","compact","black"
1772,2003,"ford","fiesta","gas",121000,"clean","manual","rwd","compact","black"
4330,2007,"skoda","fabia","gas",103858,"clean","manual","rwd","compact","black"
1406,2002,"skoda","fabia","gas",292200,"rebuilt","manual","fwd","compact","black"
207,2000,"skoda","octavia","gas",20000,"rebuilt","manual","fwd","compact","black"
7401,2009,"volvo","c30","diesel",72100,"clean","manual","4wd","compact","black"
2923,2002,"audi","a3","gas",116000,"clean","manual","rwd","compact","black"
7028,2007,"audi","a4","gas",220000,"rebuilt","manual","fwd","compact","black"
8874,2008,"audi","200","gas",171294,"clean","manual","4wd","compact","black"
4803,2005,"seat","altea","gas",165300,"clean","manual","4wd","compact","black"
25499,2008,"bmw","x5","gas",190000,"rebuilt","manual","fwd","compact","black"
3663,2003,"skoda","octavia","gas",232000,"rebuilt","manual","fwd","compact","black"
4403,2005,"ford","c-max","diesel",94525,"clean","manual","4wd","compact","black"
8697,2005,"audi","a6","gas",278000,"rebuilt","manual","fwd","compact","black"
4367,2008,"ford","fusion","gas",83000,"clean","manual","4wd","compact","black"
462,2005,"audi","a6","gas",327000,"clean","manual","fwd","compact","black"
1110,1994,"skoda","felicia","gas",65000,"clean","manual","4wd","compact","black"
9178,2007,"jeep","grand-cherokee","gas",124000,"clean","manual","rwd","compact","black"
1295,2001,"ford","fiesta","gas",181000,"clean","manual","rwd","compact","black"
4256,2004,"audi","a4","gas",320000,"clean","manual","rwd","compact","black"
3697,2005,"ford","focus","gas",145450,"clean","manual","rwd","compact","black"
2553,2001,"skoda","fabia","gas",175000,"clean","manual","rwd","compact","black"
17760,2007,"audi","s8","gas",186000,"clean","manual","rwd","compact","black"
22168,2008,"bmw","x6","gas",119000,"clean","manual","4wd","compact","black"
3145,2005,"ford","mondeo","diesel",171000,"clean","manual","rwd","compact","black"
5840,1660,"nissan","x-trail","gas",166000,"clean","manual","rwd","compact","black"
7949,1560,"ford","galaxy","gas",156000,"rebuilt","manual","fwd","compact","black"
14796,1670,"ford","galaxy","gas",167000,"clean","manual","4wd","compact","black"
4030,1970,"ford","galaxy","gas",197000,"clean","manual","4wd","compact","black"
2035,2002,"skoda","fabia","gas",184000,"clean","manual","fwd","compact","black"
6587,2011,"skoda","fabia","gas",53280,"clean","manual","fwd","compact","black"
462,2007,"ford","focus","diesel",134000,"clean","manual","rwd","compact","black"
5033,2007,"skoda","octavia","diesel",217000,"rebuilt","manual","fwd","compact","black"
8660,2007,"skoda","octavia","gas",80000,"clean","manual","rwd","compact","black"
2035,2004,"ford","focus","gas",152000,"rebuilt","manual","fwd","compact","black"
5470,2012,"skoda","fabia","diesel",172500,"clean","manual","rwd","compact","black"
1110,1998,"nissan","micra","gas",75000,"clean","manual","rwd","compact","black"
2202,2000,"skoda","fabia","gas",200,"clean","manual","4wd","compact","black"
21761,2010,"audi","a5","gas",127000,"clean","manual","rwd","compact","black"
12139,2007,"audi","s3","gas",157000,"rebuilt","manual","fwd","compact","black"
2886,2007,"ford","focus","gas",208000,"clean","manual","4wd","compact","black"
1424,1999,"smart","fortwo","gas",81000,"rebuilt","manual","fwd","compact","black"
847,2006,"nissan","patrol","gas",6163000,"rebuilt","manual","fwd","compact","black"
8844,2011,"ford","mondeo","diesel",175267,"clean","manual","4wd","compact","black"
2923,2009,"skoda","fabia","gas",155000,"rebuilt","manual","fwd","compact","black"
2809,2007,"hyundai","matrix","gas",7148000,"clean","manual","4wd","compact","black"
7031,2009,"ford","focus","gas",109580,"clean","manual","rwd","compact","black"
11310,2013,"skoda","yeti","diesel",137000,"rebuilt","manual","fwd","compact","black"
2590,2008,"hyundai","getz","gas",78700,"clean","manual","rwd","compact","black"
6106,2003,"bmw","x4","diesel",301000,"rebuilt","manual","fwd","compact","black"
2586,2007,"seat","cordoba","gas",215000,"clean","manual","rwd","compact","black"
2957,2004,"ford","c-max","diesel",180000,"clean","manual","4wd","compact","black"
1846,2006,"fiat","stilo","gas",215000,"clean","manual","4wd","compact","black"
5877,2011,"skoda","roomster","diesel",159100,"clean","manual","rwd","compact","black"
925,2000,"audi","q7","gas",2000,"clean","manual","4wd","compact","black"
1476,2003,"fiat","punto","diesel",155000,"rebuilt","manual","fwd","compact","black"
4774,2006,"skoda","octavia","gas",326115,"clean","manual","4wd","compact","black"
7031,2005,"nissan","pathfinder","diesel",226000,"clean","manual","4wd","compact","black"
4034,2007,"skoda","octavia","gas",310000,"clean","manual","4wd","compact","black"
1813,2000,"skoda","octavia","diesel",415000,"clean","manual","rwd","compact","black"
2775,2005,"skoda","fabia","gas",169000,"clean","manual","4wd","compact","black"
3663,2005,"skoda","fabia","gas",62000,"clean","manual","4wd","compact","black"
2923,2003,"skoda","octavia","gas",360000,"clean","manual","4wd","compact","black"
736,2000,"subaru","justy","gas",85000,"clean","manual","4wd","compact","black"
13286,2011,"skoda","superb","diesel",98392,"clean","manual","rwd","compact","black"
2405,2002,"skoda","fabia","gas",79000,"rebuilt","manual","fwd","compact","black"
3293,2002,"audi","200","gas",176080,"rebuilt","manual","fwd","compact","black"
4515,2006,"mazda","2","gas",6170000,"clean","manual","4wd","compact","black"
5107,2006,"audi","a4","diesel",243215,"rebuilt","manual","fwd","compact","black"
3330,2006,"volvo","v50","gas",100,"rebuilt","manual","fwd","compact","black"
5177,2007,"skoda","octavia","gas",183000,"clean","manual","4wd","compact","black"
5884,2007,"skoda","octavia","gas",7198000,"clean","manual","4wd","compact","black"
3515,1980,"skoda","octavia","gas",198000,"clean","manual","rwd","compact","black"
1443,2000,"seat","ibiza","gas",102000,"clean","manual","4wd","compact","black"
2775,2005,"skoda","fabia","gas",5124000,"clean","manual","4wd","compact","black"
6994,2007,"ford","transit","diesel",206000,"rebuilt","manual","fwd","compact","black"
2923,2001,"skoda","octavia","gas",243968,"clean","manual","rwd","compact","black"
2516,2006,"skoda","octavia","gas",286000,"clean","manual","rwd","compact","black"
666,2009,"opel","zafira","gas",147285,"clean","manual","4wd","compact","black"
462,2005,"seat","ibiza","gas",216,"rebuilt","manual","fwd","compact","black"
6846,2007,"audi","200","gas",253000,"rebuilt","manual","fwd","compact","black"
655,2009,"subaru","legacy","diesel",195000,"rebuilt","manual","fwd","compact","black"
2923,2008,"citroen","nemo","gas",222000,"clean","manual","4wd","compact","black"
2886,2008,"skoda","fabia","gas",132919,"clean","manual","4wd","compact","black"
2849,2005,"ford","c-max","diesel",172415,"clean","manual","4wd","compact","black"
3997,2005,"seat","altea","diesel",192655,"rebuilt","manual","fwd","compact","black"
4034,2006,"seat","leon","diesel",167198,"clean","manual","4wd","compact","black"
5695,2008,"skoda","octavia","gas",263000,"rebuilt","manual","fwd","compact","black"
8438,2007,"ford","galaxy","gas",194000,"rebuilt","manual","fwd","compact","black"
5514,2004,"mini","cooper","gas",124000,"clean","manual","4wd","compact","black"
3663,2000,"skoda","octavia","gas",221000,"clean","manual","rwd","compact","black"
7364,2011,"skoda","octavia","gas",193463,"clean","manual","rwd","compact","black"
10325,2012,"skoda","octavia","gas",154267,"clean","manual","4wd","compact","black"
884,2012,"skoda","octavia","gas",155052,"clean","manual","4wd","compact","black"
7364,2012,"skoda","fabia","gas",57254,"clean","manual","4wd","compact","black"
6994,2010,"skoda","fabia","gas",118823,"rebuilt","manual","fwd","compact","black"
4774,2008,"ford","focus","gas",136000,"clean","manual","rwd","compact","black"
2405,2000,"skoda","octavia","gas",205000,"clean","manual","4wd","compact","black"
2368,2002,"skoda","octavia","gas",150000,"clean","manual","rwd","compact","black"
4404,2004,"skoda","octavia","gas",4169000,"rebuilt","manual","fwd","compact","black"
25869,2014,"ford","galaxy","diesel",32000,"rebuilt","manual","fwd","compact","black"
1850,1992,"honda","legend","gas",198000,"rebuilt","manual","fwd","compact","black"
11065,2005,"bmw","x4","diesel",220000,"clean","manual","4wd","compact","black"
2216,2001,"ford","focus","gas",160000,"clean","manual","4wd","compact","black"
3327,2005,"ford","c-max","diesel",139000,"clean","manual","rwd","compact","black"
2957,2007,"hyundai","accent","gas",106000,"clean","manual","rwd","compact","black"
2772,2004,"opel","zafira","diesel",168000,"clean","manual","4wd","compact","black"
8138,2010,"seat","exeo","diesel",172500,"clean","manual","4wd","compact","black"
4067,2006,"fiat","croma","diesel",127000,"clean","manual","4wd","compact","black"
921,1999,"mazda","323","diesel",36000,"clean","manual","rwd","compact","black"
1665,1998,"audi","a3","gas",145000,"clean","manual","rwd","compact","black"
424,1996,"audi","a4","gas",206000,"clean","manual","4wd","compact","black"
14803,2010,"jeep","grand-cherokee","gas",129000,"clean","manual","rwd","compact","black"
2553,2005,"skoda","fabia","diesel",100,"clean","manual","rwd","compact","black"
3515,2003,"ford","c-max","gas",97197,"clean","manual","4wd","compact","black"
20355,2009,"bmw","x6","gas",109400,"clean","manual","fwd","compact","black"
2516,2005,"ford","transit","gas",264000,"clean","manual","rwd","compact","black"
5736,2007,"suzuki","sx4","diesel",134000,"clean","manual","rwd","compact","black"
4404,2007,"seat","ibiza","gas",115000,"clean","manual","4wd","compact","black"
1106,1600,"citroen","berlingo","gas",160000,"clean","manual","rwd","compact","black"
2183,2003,"skoda","fabia","gas",183000,"rebuilt","manual","fwd","compact","black"
3878,2004,"skoda","fabia","diesel",133599,"clean","manual","rwd","compact","black"
4803,2005,"skoda","octavia","gas",145000,"rebuilt","manual","fwd","compact","black"
3108,2005,"skoda","fabia","gas",86000,"clean","manual","4wd","compact","black"
7772,2009,"skoda","octavia","gas",195000,"rebuilt","manual","fwd","compact","black"
2553,2003,"nissan","almera","gas",105000,"clean","manual","4wd","compact","black"
3293,2005,"citroen","c4","gas",148000,"clean","manual","rwd","compact","black"
1221,1996,"seat","ibiza","gas",257000,"clean","manual","rwd","compact","black"
3145,327,"skoda","octavia","gas",182000,"clean","manual","fwd","compact","black"
3293,2005,"skoda","fabia","gas",96000,"clean","manual","rwd","compact","black"
2142,2001,"ford","mondeo","gas",133200,"rebuilt","manual","fwd","compact","black"
4252,2006,"ford","focus","gas",120060,"clean","manual","4wd","compact","black"
12546,2013,"skoda","octavia","gas",63000,"clean","manual","rwd","compact","black"
2923,2000,"rover","100","gas",100,"clean","manual","4wd","compact","black"
1106,1440,"opel","corsa","gas",144000,"clean","manual","fwd","compact","black"
13249,2011,"skoda","superb","diesel",107025,"rebuilt","manual","fwd","compact","black"
1443,2000,"nissan","almera","diesel",230000,"clean","manual","4wd","compact","black"
6994,2006,"audi","200","gas",5100,"clean","manual","rwd","compact","black"
10732,2010,"skoda","superb","gas",182000,"rebuilt","manual","fwd","compact","black"
11065,2011,"volvo","s60","gas",183000,"clean","manual","4wd","compact","black"
3515,2003,"skoda","fabia","gas",88000,"rebuilt","manual","fwd","compact","black"
740,1999,"skoda","felicia","gas",242000,"clean","manual","4wd","compact","black"
924,2006,"fiat","seicento","gas",150000,"rebuilt","manual","fwd","compact","black"
3293,2011,"citroen","c5","diesel",118000,"clean","manual","rwd","compact","black"
1221,1997,"audi","a4","gas",238000,"clean","manual","rwd","compact","black"
2183,2003,"ford","fusion","gas",124500,"clean","manual","4wd","compact","black"
259,2002,"skoda","octavia","gas",139740,"clean","manual","fwd","compact","black"
1073,2000,"opel","corsa","gas",100,"rebuilt","manual","fwd","compact","black"
2405,2003,"ford","mondeo","gas",182284,"rebuilt","manual","fwd","compact","black"
5180,2008,"ford","focus","diesel",129958,"rebuilt","manual","fwd","compact","black"
10729,2011,"skoda","octavia","gas",159000,"clean","manual","4wd","compact","black"
925,1998,"ford","ka","gas",8124000,"clean","manual","4wd","compact","black"
1665,1000,"audi","a3","gas",238,"clean","manual","4wd","compact","black"
3145,2006,"citroen","jumper","gas",192600,"clean","manual","rwd","compact","black"
4437,2004,"skoda","octavia","gas",280000,"clean","manual","fwd","compact","black"
1665,2003,"ford","focus","gas",231000,"clean","manual","fwd","compact","black"
7957,2005,"bmw","x3","gas",188000,"clean","manual","4wd","compact","black"
6476,2007,"bmw","x3","gas",240000,"rebuilt","manual","fwd","compact","black"
2960,2001,"bmw","x5","gas",330000,"rebuilt","manual","fwd","compact","black"
2923,2001,"volvo","s60","gas",258000,"clean","manual","rwd","compact","black"
14766,2004,"toyota","land-cruiser","gas",70000,"rebuilt","manual","fwd","compact","black"
5292,2006,"seat","leon","gas",239000,"clean","manual","rwd","compact","black"
4256,2006,"nissan","note","gas",128500,"clean","manual","rwd","compact","black"
2031,2003,"lancia","thesis","gas",190000,"clean","manual","4wd","compact","black"
3327,2003,"mazda","mpv","diesel",156000,"rebuilt","manual","fwd","compact","black"
2031,2002,"ford","mondeo","diesel",186000,"clean","manual","rwd","compact","black"
3697,2006,"ford","fusion","diesel",114000,"clean","manual","4wd","compact","black"
7398,2011,"hyundai","i30","gas",39000,"rebuilt","manual","fwd","compact","black"
3697,2005,"ford","c-max","diesel",175000,"clean","manual","rwd","compact","black"
3327,2005,"ford","focus","diesel",140000,"clean","manual","4wd","compact","black"
5177,2003,"bmw","x5","gas",189900,"rebuilt","manual","fwd","compact","black"
5729,2008,"ford","s-max","gas",282000,"clean","manual","rwd","compact","black"
2772,2005,"opel","meriva","diesel",140000,"rebuilt","manual","fwd","compact","black"
1846,2003,"opel","corsa","gas",135000,"rebuilt","manual","fwd","compact","black"
1476,2000,"seat","cordoba","gas",161000,"rebuilt","manual","fwd","compact","black"
7028,2008,"ford","mondeo","diesel",135000,"rebuilt","manual","fwd","compact","black"
11839,2009,"bmw","x3","diesel",191500,"rebuilt","manual","fwd","compact","black"
6658,2011,"skoda","fabia","gas",15800,"clean","manual","4wd","compact","black"
4437,2008,"opel","meriva","gas",110000,"clean","manual","rwd","compact","black"
3327,2005,"ford","fusion","gas",148000,"clean","manual","4wd","compact","black"
1073,1320,"fiat","punto","gas",4132000,"rebuilt","manual","fwd","compact","black"
8105,2009,"skoda","octavia","gas",181000,"rebuilt","manual","fwd","compact","black"
3700,2009,"citroen","c3","gas",160780,"clean","manual","rwd","compact","black"
4441,2007,"ford","c-max","gas",196245,"rebuilt","manual","fwd","compact","black"
4626,2007,"ford","connect","gas",21539,"rebuilt","manual","fwd","compact","black"
3330,2009,"opel","corsa","gas",176245,"clean","manual","4wd","compact","black"
2220,2004,"citroen","xsara-picasso","gas",236918,"clean","manual","4wd","compact","black"
1406,2003,"suzuki","alto","gas",101217,"clean","manual","rwd","compact","black"
6254,2000,"nissan","patrol","diesel",188000,"rebuilt","manual","fwd","compact","black"
2035,2007,"fiat","punto","gas",171813,"clean","manual","4wd","compact","black"
8142,2012,"opel","meriva","gas",103000,"clean","manual","rwd","compact","black"
4807,2007,"opel","astra","gas",152890,"clean","manual","rwd","compact","black"
8142,2009,"ford","mondeo","gas",95663,"clean","manual","rwd","compact","black"
9992,2007,"bmw","x3","gas",186226,"clean","manual","fwd","compact","black"
4256,2007,"fiat","grande-punto","diesel",125000,"clean","manual","rwd","compact","black"
2035,2000,"ford","galaxy","gas",292000,"clean","manual","rwd","compact","black"
499,2007,"skoda","octavia","gas",164800,"clean","manual","fwd","compact","black"
1813,2006,"chevrolet","spark","gas",95000,"clean","manual","rwd","compact","black"
2590,2003,"skoda","fabia","gas",232000,"rebuilt","manual","fwd","compact","black"
1739,2000,"audi","a3","gas",224000,"clean","manual","rwd","compact","black"
5144,2001,"audi","100","gas",112077,"clean","manual","fwd","compact","black"
6994,2007,"audi","a4","diesel",203000,"rebuilt","manual","fwd","compact","black"
3293,2003,"lancia","lybra","diesel",111117,"clean","manual","4wd","compact","black"
11472,2010,"hyundai","ix35","diesel",147296,"clean","manual","rwd","compact","black"
6106,2007,"skoda","fabia","gas",107104,"clean","manual","rwd","compact","black"
2220,2005,"skoda","fabia","gas",195000,"clean","manual","rwd","compact","black"
2035,2003,"ford","fiesta","gas",75000,"clean","manual","fwd","compact","black"
3515,2006,"skoda","fabia","gas",113018,"rebuilt","manual","fwd","compact","black"
3293,2003,"toyota","corolla-verso","gas",184050,"rebuilt","manual","fwd","compact","black"
4848,2007,"ford","c-max","gas",147000,"rebuilt","manual","fwd","compact","black"
2923,2004,"fiat","doblo","gas",176000,"rebuilt","manual","fwd","compact","black"
9955,2011,"skoda","octavia","gas",169500,"clean","manual","4wd","compact","black"
499,2008,"skoda","roomster","gas",178350,"clean","manual","rwd","compact","black"
11065,2011,"audi","a6","gas",27140,"rebuilt","manual","fwd","compact","black"
1406,2003,"kia","carens","gas",181000,"clean","manual","rwd","compact","black"
3886,2002,"skoda","octavia","diesel",184200,"clean","manual","4wd","compact","black"
9585,2008,"skoda","superb","diesel",175459,"clean","manual","4wd","compact","black"
499,2007,"ford","mondeo","gas",170000,"clean","manual","4wd","compact","black"
8992,2012,"skoda","octavia","gas",77,"clean","manual","4wd","compact","black"
3293,2005,"ford","mondeo","diesel",325872,"clean","manual","4wd","compact","black"
3697,2003,"seat","alhambra","gas",290000,"clean","manual","fwd","compact","black"
1332,1430,"opel","astra","gas",143000,"clean","manual","rwd","compact","black"
692,2012,"skoda","fabia","gas",41000,"clean","manual","fwd","compact","black"
16284,2013,"suzuki","grand-vitara","gas",50000,"clean","manual","rwd","compact","black"
2405,2002,"citroen","xsara-picasso","gas",180000,"clean","manual","rwd","compact","black"
806,2006,"toyota","rav4","diesel",140087,"clean","manual","rwd","compact","black"
4774,2006,"ford","c-max","gas",93290,"clean","manual","4wd","compact","black"
5921,1500,"seat","ibiza","gas",150000,"clean","manual","rwd","compact","black"
5144,2007,"skoda","octavia","gas",153000,"clean","manual","4wd","compact","black"
3886,2009,"suzuki","swift","gas",67,"clean","manual","fwd","compact","black"
13508,2012,"skoda","superb","gas",108000,"clean","manual","4wd","compact","black"
2183,2003,"ford","focus","gas",147000,"clean","manual","4wd","compact","black"
3663,2006,"ford","mondeo","diesel",100,"clean","manual","4wd","compact","black"
1665,2003,"skoda","fabia","gas",76000,"clean","manual","fwd","compact","black"
1850,2003,"skoda","fabia","gas",82000,"rebuilt","manual","fwd","compact","black"
6476,2011,"skoda","octavia","gas",176000,"rebuilt","manual","fwd","compact","black"
6106,2005,"audi","a4","gas",192000,"rebuilt","manual","fwd","compact","black"
462,1997,"seat","cordoba","gas",100,"clean","manual","4wd","compact","black"
8105,2007,"audi","a4","gas",95000,"clean","manual","fwd","compact","black"
5884,2006,"audi","a4","gas",107000,"clean","manual","fwd","compact","black"
2590,2000,"skoda","octavia","gas",198000,"clean","manual","rwd","compact","black"
10321,2014,"ford","focus","gas",20200,"clean","manual","rwd","compact","black"
4774,2006,"toyota","corolla","gas",89000,"clean","manual","rwd","compact","black"
7772,2010,"skoda","octavia","gas",89000,"clean","manual","rwd","compact","black"
4404,1890,"skoda","octavia","gas",189000,"clean","manual","rwd","compact","black"
2146,2000,"audi","200","diesel",100,"clean","manual","rwd","compact","black"
4404,2005,"opel","zafira","gas",141000,"rebuilt","manual","fwd","compact","black"
129,1996,"audi","a4","gas",228000,"rebuilt","manual","fwd","compact","black"
347,2007,"skoda","fabia","gas",165000,"clean","manual","4wd","compact","black"
1850,2005,"fiat","stilo","diesel",187000,"clean","manual","rwd","compact","black"
6624,2005,"ford","transit","diesel",228000,"clean","manual","4wd","compact","black"
3515,2001,"honda","hr-v","gas",180000,"clean","manual","4wd","compact","black"
4803,2007,"opel","combo","gas",69000,"clean","manual","rwd","compact","black"
10584,2014,"opel","astra","gas",7458,"clean","manual","4wd","compact","black"
2516,1740,"ford","fusion","gas",1174000,"rebuilt","manual","fwd","compact","black"
2035,2004,"kia","picanto","gas",86000,"rebuilt","manual","fwd","compact","black"
462,2008,"ford","focus","gas",173261,"clean","manual","fwd","compact","black"
2405,2006,"mazda","2","gas",360000,"clean","manual","rwd","compact","black"
155,1998,"audi","a3","gas",212000,"clean","manual","4wd","compact","black"
2590,2005,"citroen","c4","gas",205000,"clean","manual","rwd","compact","black"
1739,2001,"nissan","almera-tino","gas",167000,"clean","manual","rwd","compact","black"
21002,2012,"nissan","navara","gas",137000,"clean","manual","4wd","compact","black"
1480,2004,"ford","focus","gas",226000,"rebuilt","manual","fwd","compact","black"
2590,2001,"audi","a4","gas",1210000,"clean","manual","rwd","compact","black"
1480,1997,"audi","a4","gas",244000,"clean","manual","4wd","compact","black"
9585,2012,"skoda","octavia","gas",2124585,"clean","manual","4wd","compact","black"
11472,2010,"hyundai","ix35","diesel",147296,"clean","manual","rwd","compact","black"
8216,2010,"skoda","octavia","diesel",166652,"clean","manual","fwd","compact","black"
12176,2014,"suzuki","sx4","gas",26150,"clean","manual","4wd","compact","black"
7031,2010,"ford","mondeo","gas",110390,"rebuilt","manual","fwd","compact","black"
3811,2003,"skoda","octavia","diesel",225000,"clean","manual","rwd","compact","black"
1480,1998,"skoda","octavia","gas",300000,"clean","manual","rwd","compact","black"
3997,2005,"citroen","c4","gas",73900,"rebuilt","manual","fwd","compact","black"
54700,2009,"porsche","panamera","gas",157000,"clean","manual","rwd","compact","black"
2960,1000,"citroen","jumper","gas",1000,"clean","manual","rwd","compact","black"
4182,2003,"skoda","octavia","diesel",220000,"clean","manual","4wd","compact","black"
2553,2004,"smart","fortwo","gas",81000,"clean","manual","rwd","compact","black"
3663,2005,"ford","focus","gas",110000,"clean","manual","4wd","compact","black"
3108,2004,"ford","mondeo","gas",267500,"rebuilt","manual","fwd","compact","black"
1295,2002,"kia","rio","gas",207000,"rebuilt","manual","fwd","compact","black"
5029,2009,"skoda","octavia","diesel",126700,"clean","manual","4wd","compact","black"
2775,2001,"skoda","octavia","gas",281000,"clean","manual","fwd","compact","black"
962,2009,"opel","insignia","diesel",105000,"clean","manual","fwd","compact","black"
3886,2007,"opel","astra","gas",187000,"rebuilt","manual","fwd","compact","black"
884,2013,"skoda","octavia","diesel",169000,"rebuilt","manual","fwd","compact","black"
3290,2007,"mitsubishi","colt","gas",144000,"clean","manual","4wd","compact","black"
4145,2002,"audi","a4","diesel",186215,"clean","manual","4wd","compact","black"
6254,2007,"skoda","fabia","gas",100,"clean","manual","4wd","compact","black"
1850,2001,"fiat","punto","gas",32800,"clean","manual","rwd","compact","black"
13619,2011,"skoda","superb","gas",82400,"clean","manual","rwd","compact","black"
4256,2005,"opel","zafira","gas",100,"rebuilt","manual","fwd","compact","black"
2183,2003,"ford","fusion","gas",100,"clean","manual","4wd","compact","black"
1073,1998,"skoda","felicia","gas",198000,"rebuilt","manual","fwd","compact","black"
3589,2002,"nissan","x-trail","diesel",224000,"rebuilt","manual","fwd","compact","black"
3108,2003,"skoda","fabia","gas",196000,"clean","manual","4wd","compact","black"
1258,2000,"ford","mondeo","gas",231000,"clean","manual","4wd","compact","black"
921,2008,"audi","a4","diesel",319002,"clean","manual","4wd","compact","black"
1480,2000,"skoda","octavia","gas",108000,"clean","manual","rwd","compact","black"
462,1995,"mitsubishi","pajero","gas",4000,"rebuilt","manual","fwd","compact","black"
2516,2005,"ford","fusion","gas",170000,"clean","manual","rwd","compact","black"
3293,2003,"skoda","octavia","gas",3179000,"clean","manual","4wd","compact","black"
2738,2003,"ford","focus","diesel",171000,"clean","manual","4wd","compact","black"
481,1997,"skoda","felicia","gas",150000,"clean","manual","rwd","compact","black"
2220,2011,"audi","a6","gas",165000,"clean","manual","4wd","compact","black"
23685,2013,"skoda","superb","diesel",51000,"clean","manual","4wd","compact","black"
6624,1798,"ford","focus","gas",141000,"clean","manual","rwd","compact","black"
8253,2009,"suzuki","grand-vitara","diesel",174209,"clean","manual","4wd","compact","black"
2538,2001,"skoda","octavia","gas",171032,"rebuilt","manual","fwd","compact","black"
3515,2006,"skoda","fabia","gas",216000,"rebuilt","manual","fwd","compact","black"
5144,1023,"seat","ibiza","gas",102300,"clean","manual","4wd","compact","black"
5514,2008,"citroen","jumper","diesel",235400,"rebuilt","manual","fwd","compact","black"
2405,2003,"ford","focus","gas",104000,"clean","manual","rwd","compact","black"
551,2006,"toyota","corolla-verso","diesel",155631,"clean","manual","rwd","compact","black"
15544,2010,"mercedes-benz","115","gas",115000,"clean","manual","rwd","compact","black"
2142,2001,"rover","75","diesel",222100,"rebuilt","manual","fwd","compact","black"
1184,1999,"opel","zafira","gas",136000,"clean","manual","rwd","compact","black"
721,2001,"opel","zafira","gas",186929,"rebuilt","manual","fwd","compact","black"
625,1997,"ford","escort","gas",162000,"clean","manual","4wd","compact","black"
3327,2007,"ford","mondeo","gas",222000,"rebuilt","manual","fwd","compact","black"
2923,2001,"audi","a2","gas",162000,"clean","manual","rwd","compact","black"
6624,2006,"hyundai","santa-fe","gas",278000,"rebuilt","manual","fwd","compact","black"
1439,2001,"fiat","multipla","gas",244000,"clean","manual","4wd","compact","black"
2772,2005,"citroen","xsara-picasso","gas",138000,"clean","manual","rwd","compact","black"
2401,2003,"ford","focus","gas",152000,"rebuilt","manual","fwd","compact","black"
3219,2005,"opel","vectra","diesel",260000,"clean","manual","4wd","compact","black"
16617,2008,"lexus","gs","gas",184000,"rebuilt","manual","fwd","compact","black"
2553,2001,"audi","a6","gas",293,"clean","manual","4wd","compact","black"
925,1995,"seat","cordoba","diesel",45100,"clean","manual","rwd","compact","black"
13138,2014,"audi","a6-allroad","gas",260000,"clean","manual","rwd","compact","black"
9918,2008,"honda","cr-v","gas",148686,"clean","manual","4wd","compact","black"
22131,2011,"jeep","grand-cherokee","gas",183315,"clean","manual","4wd","compact","black"
3182,2008,"hyundai","i10","gas",75876,"clean","manual","rwd","compact","black"
5514,2001,"toyota","rav4","gas",212000,"clean","manual","4wd","compact","black"
10547,2012,"skoda","superb","gas",195000,"clean","manual","fwd","compact","black"
4441,2004,"audi","a4","gas",204000,"clean","manual","4wd","compact","black"
1850,1996,"ford","galaxy","gas",261000,"rebuilt","manual","fwd","compact","black"
1850,2004,"fiat","punto","gas",158000,"rebuilt","manual","fwd","compact","black"
2479,2005,"opel","corsa","gas",128000,"clean","manual","rwd","compact","black"
5358,2007,"skoda","octavia","gas",197000,"clean","manual","4wd","compact","black"
998,2011,"nissan","qashqai","diesel",100,"clean","manual","rwd","compact","black"
2220,1980,"skoda","fabia","gas",100,"rebuilt","manual","fwd","compact","black"
12768,2014,"skoda","rapid","gas",12400,"clean","manual","rwd","compact","black"
11658,2012,"skoda","octavia","gas",94500,"clean","manual","4wd","compact","black"
6476,1720,"skoda","octavia","gas",148381,"rebuilt","manual","fwd","compact","black"
1813,2004,"hyundai","getz","diesel",146000,"clean","manual","4wd","compact","black"
11435,2006,"audi","80","gas",100,"clean","manual","rwd","compact","black"
6624,2010,"skoda","fabia","gas",81000,"clean","manual","4wd","compact","black"
5514,2009,"opel","zafira","diesel",191721,"clean","manual","4wd","compact","black"
4700,2003,"ford","galaxy","gas",160000,"clean","manual","4wd","compact","black"
2738,2007,"opel","corsa","gas",133000,"clean","manual","fwd","compact","black"
5514,2008,"mitsubishi","outlander","gas",165,"rebuilt","manual","fwd","compact","black"
7364,2006,"audi","a3","diesel",184400,"clean","manual","rwd","compact","black"
5362,2004,"toyota","avensis","gas",119620,"rebuilt","manual","fwd","compact","black"
2553,2000,"skoda","fabia","gas",195291,"clean","manual","4wd","compact","black"
2035,2003,"opel","astra","diesel",200004,"rebuilt","manual","fwd","compact","black"
2775,2002,"skoda","fabia","gas",200766,"rebuilt","manual","fwd","compact","black"
10732,2009,"audi","a4","diesel",180121,"clean","manual","rwd","compact","black"
462,2006,"skoda","octavia","gas",6185000,"clean","manual","4wd","compact","black"
12176,2012,"skoda","yeti","gas",55000,"clean","manual","4wd","compact","black"
9807,2010,"subaru","forester","gas",150000,"rebuilt","manual","fwd","compact","black"
536,2010,"fiat","500","gas",70000,"clean","manual","rwd","compact","black"
4071,2008,"skoda","fabia","gas",409518,"clean","manual","rwd","compact","black"
12953,2007,"rover","100","gas",138000,"rebuilt","manual","fwd","compact","black"
3256,2002,"volvo","v70","gas",268000,"clean","manual","4wd","compact","black"
3327,2002,"skoda","octavia","gas",216740,"clean","manual","4wd","compact","black"
1702,2000,"chrysler","voyager","gas",245000,"clean","manual","rwd","compact","black"
8142,2008,"skoda","superb","diesel",230000,"clean","manual","rwd","compact","black"
2586,2002,"skoda","fabia","gas",106000,"clean","manual","fwd","compact","black"
3997,1450,"skoda","fabia","gas",145000,"clean","manual","4wd","compact","black"
5514,2009,"ford","transit","diesel",138000,"rebuilt","manual","fwd","compact","black"
1591,2002,"ford","focus","gas",104000,"clean","manual","4wd","compact","black"
814,1995,"mazda","323","gas",151000,"rebuilt","manual","fwd","compact","black"
12028,2003,"subaru","impreza","gas",134000,"clean","manual","rwd","compact","black"
3700,2001,"suzuki","grand-vitara","gas",135000,"clean","manual","rwd","compact","black"
2886,2005,"seat","cordoba","gas",187400,"clean","manual","4wd","compact","black"
1258,2015,"lancia","lybra","gas",265098,"rebuilt","manual","fwd","compact","black"
5884,2010,"skoda","octavia","gas",228000,"rebuilt","manual","fwd","compact","black"
1369,1999,"opel","zafira","gas",232000,"clean","manual","rwd","compact","black"
2849,2004,"skoda","octavia","gas",239540,"rebuilt","manual","fwd","compact","black"
5144,2010,"opel","astra","diesel",116000,"clean","manual","rwd","compact","black"
5329,2006,"toyota","prius","gas",136812,"clean","manual","4wd","compact","black"
4774,2006,"toyota","corolla","diesel",109000,"clean","manual","rwd","compact","black"
3700,2008,"nissan","tiida","gas",158000,"rebuilt","manual","fwd","compact","black"
2768,2005,"citroen","c4","gas",235000,"clean","manual","rwd","compact","black"
3145,2005,"ford","mondeo","gas",230000,"clean","manual","4wd","compact","black"
1332,1999,"ford","cougar","gas",155000,"clean","manual","fwd","compact","black"
10695,2010,"audi","a6","diesel",192000,"clean","manual","4wd","compact","black"
4774,2007,"mazda","3","diesel",155000,"clean","manual","fwd","compact","black"
4034,2008,"opel","zafira","gas",8163000,"rebuilt","manual","fwd","compact","black"
3886,2011,"skoda","fabia","gas",152000,"rebuilt","manual","fwd","compact","black"
4774,2013,"skoda","fabia","gas",1368000,"rebuilt","manual","fwd","compact","black"
11843,2008,"audi","a5","gas",223000,"clean","manual","4wd","compact","black"
4441,2004,"skoda","octavia","gas",160000,"clean","manual","4wd","compact","black"
421,2004,"skoda","octavia","gas",179000,"rebuilt","manual","fwd","compact","black"
2031,2004,"opel","corsa","gas",143000,"rebuilt","manual","fwd","compact","black"
2586,2006,"opel","corsa","gas",158000,"clean","manual","rwd","compact","black"
2220,2002,"skoda","fabia","gas",124000,"clean","manual","rwd","compact","black"
2590,2004,"skoda","fabia","diesel",141300,"clean","manual","rwd","compact","black"
77,1800,"ford","galaxy","gas",230000,"clean","manual","rwd","compact","black"
3697,2004,"opel","tigra","gas",116000,"clean","manual","rwd","compact","black"
5884,2008,"mazda","rx-8","gas",47000,"clean","manual","rwd","compact","black"
2220,2003,"skoda","fabia","gas",127000,"clean","manual","rwd","compact","black"
2220,2002,"skoda","fabia","gas",132000,"clean","manual","rwd","compact","black"
2220,2001,"skoda","fabia","gas",137000,"rebuilt","manual","fwd","compact","black"
9585,2013,"ford","focus","diesel",97000,"rebuilt","manual","fwd","compact","black"
16432,2012,"audi","a4","diesel",88000,"clean","manual","rwd","compact","black"
14766,2011,"volvo","v60","diesel",139000,"rebuilt","manual","fwd","compact","black"
6661,2005,"skoda","octavia","gas",130410,"clean","manual","rwd","compact","black"
3293,2002,"audi","200","diesel",100,"rebuilt","manual","fwd","compact","black"
1443,1781,"audi","a4","gas",168216,"clean","manual","rwd","compact","black"
3145,2001,"skoda","octavia","gas",184000,"clean","manual","rwd","compact","black"
4885,2007,"ford","transit","gas",2007,"rebuilt","manual","fwd","compact","black"
2331,2001,"skoda","octavia","diesel",210062,"rebuilt","manual","fwd","compact","black"
1369,2003,"citroen","xsara-picasso","diesel",100,"clean","manual","4wd","compact","black"
2623,2005,"ford","focus","gas",5100,"clean","manual","rwd","compact","black"
1258,2003,"fiat","punto","gas",136000,"clean","manual","4wd","compact","black"
2220,2002,"ford","focus","gas",1166957,"clean","manual","rwd","compact","black"
5181,2002,"skoda","superb","diesel",100,"clean","manual","4wd","compact","black"
12546,1620,"audi","a6-allroad","gas",166000,"clean","manual","4wd","compact","black"
3145,2002,"skoda","octavia","gas",2202000,"rebuilt","manual","fwd","compact","black"
3700,2003,"skoda","octavia","gas",3187000,"clean","manual","rwd","compact","black"
614,2007,"skoda","octavia","gas",225000,"clean","manual","4wd","compact","black"
8105,2005,"audi","a6","gas",5000,"clean","manual","rwd","compact","black"
1591,2003,"seat","cordoba","gas",130500,"clean","manual","rwd","compact","black"
2772,2009,"chevrolet","spark","gas",937000,"clean","manual","4wd","compact","black"
1110,2000,"skoda","felicia","gas",124000,"clean","manual","rwd","compact","black"
2091,2000,"skoda","octavia","gas",196600,"clean","manual","rwd","compact","black"
2775,2005,"citroen","xsara-picasso","gas",153000,"clean","manual","rwd","compact","black"
4811,2002,"audi","a4","gas",210000,"clean","manual","rwd","compact","black"
1665,2000,"skoda","octavia","gas",100,"clean","manual","rwd","compact","black"
2553,2002,"citroen","jumper","diesel",119936,"rebuilt","manual","fwd","compact","black"
2775,1998,"skoda","octavia","gas",247000,"rebuilt","manual","fwd","compact","black"
3293,2000,"skoda","octavia","gas",165000,"rebuilt","manual","fwd","compact","black"
5144,2005,"ford","galaxy","gas",188000,"rebuilt","manual","fwd","compact","black"
6254,2006,"skoda","octavia","gas",186000,"clean","manual","rwd","compact","black"
4404,2003,"skoda","octavia","gas",233000,"clean","manual","rwd","compact","black"
5144,2008,"skoda","fabia","gas",190560,"rebuilt","manual","fwd","compact","black"
4256,2006,"honda","civic","gas",100,"clean","manual","4wd","compact","black"
5921,2005,"volvo","s60","gas",260000,"clean","manual","4wd","compact","black"
4034,2003,"hyundai","coupe","gas",156900,"clean","manual","rwd","compact","black"
1665,2007,"ford","fiesta","gas",103000,"clean","manual","rwd","compact","black"
1665,1997,"skoda","octavia","gas",176600,"clean","manual","4wd","compact","black"
1184,2000,"suzuki","swift","gas",150000,"clean","manual","4wd","compact","black"
22279,2011,"bmw","x3","diesel",195000,"rebuilt","manual","fwd","compact","black"
5070,2008,"fiat","grande-punto","gas",125000,"clean","manual","rwd","compact","black"
3330,2002,"audi","a6-allroad","gas",234000,"clean","manual","4wd","compact","black"
2405,1989,"mercedes-benz","190","gas",218822,"clean","manual","4wd","compact","black"
7364,2006,"bmw","x3","gas",185000,"rebuilt","manual","fwd","compact","black"
2109,2002,"skoda","fabia","gas",2139000,"clean","manual","rwd","compact","black"
2405,2000,"skoda","octavia","gas",198000,"clean","manual","4wd","compact","black"
2405,2004,"citroen","c2","gas",71000,"clean","manual","fwd","compact","black"
6624,2010,"ford","mondeo","diesel",189000,"clean","manual","rwd","compact","black"
1702,2002,"ford","fiesta","gas",212000,"rebuilt","manual","fwd","compact","black"
462,1997,"honda","civic","gas",187000,"rebuilt","manual","fwd","compact","black"
10695,2013,"ford","focus","gas",100,"clean","manual","4wd","compact","black"
14359,2012,"skoda","superb","diesel",125580,"clean","manual","4wd","compact","black"
3700,2004,"skoda","octavia","gas",217074,"rebuilt","manual","fwd","compact","black"
4441,2007,"opel","astra","diesel",173848,"rebuilt","manual","fwd","compact","black"
536,2003,"kia","sorento","gas",100,"clean","manual","4wd","compact","black"
166,2002,"ford","mondeo","gas",100,"clean","manual","rwd","compact","black"
3886,2006,"subaru","legacy","gas",147600,"clean","manual","4wd","compact","black"
4766,2006,"jaguar","x-type","gas",198000,"clean","manual","rwd","compact","black"
421,2001,"audi","a4","gas",247,"clean","manual","rwd","compact","black"
155,2001,"skoda","fabia","gas",214000,"clean","manual","rwd","compact","black"
23649,2012,"audi","q3","gas",100,"rebuilt","manual","fwd","compact","black"
1846,2011,"audi","80","gas",177000,"clean","manual","rwd","compact","black"
1406,1999,"toyota","yaris","gas",95800,"clean","manual","fwd","compact","black"
4256,2009,"skoda","fabia","gas",70000,"rebuilt","manual","fwd","compact","black"
42190,2011,"volvo","460","gas",608000,"rebuilt","manual","fwd","compact","black"
1776,2004,"citroen","ax","diesel",100,"clean","manual","rwd","compact","black"
1221,2005,"skoda","fabia","gas",185000,"rebuilt","manual","fwd","compact","black"
1443,2000,"fiat","multipla","diesel",100,"rebuilt","manual","fwd","compact","black"
2960,2001,"audi","a4","gas",235000,"clean","manual","rwd","compact","black"
1776,2015,"citroen","xsara-picasso","gas",174200,"clean","manual","rwd","compact","black"
2220,2001,"skoda","fabia","gas",108000,"clean","manual","4wd","compact","black"
3697,2005,"suzuki","ignis","gas",117000,"rebuilt","manual","fwd","compact","black"
4515,2006,"seat","altea","diesel",185000,"rebuilt","manual","fwd","compact","black"
2183,2001,"ford","mondeo","gas",160000,"rebuilt","manual","fwd","compact","black"
7771,2007,"skoda","octavia","gas",158,"clean","manual","rwd","compact","black"
3293,2004,"skoda","fabia","gas",152360,"clean","manual","4wd","compact","black"
1850,1999,"ford","transit","gas",363100,"rebuilt","manual","fwd","compact","black"
6476,2009,"ford","fiesta","gas",111682,"clean","manual","4wd","compact","black"
1184,2000,"citroen","berlingo","gas",180000,"rebuilt","manual","fwd","compact","black"
11065,2012,"seat","alhambra","gas",202000,"clean","manual","4wd","compact","black"
4404,2003,"jaguar","x-type","gas",185000,"clean","manual","4wd","compact","black"
3219,1970,"opel","combo","gas",197000,"rebuilt","manual","fwd","compact","black"
6180,2010,"skoda","fabia","gas",66000,"clean","manual","4wd","compact","black"
3293,2003,"skoda","octavia","gas",3190000,"clean","manual","fwd","compact","black"
4071,2001,"seat","alhambra","gas",205000,"clean","manual","rwd","compact","black"
5699,2007,"citroen","c4","gas",7120000,"clean","manual","rwd","compact","black"
10362,2011,"skoda","yeti","gas",125000,"rebuilt","manual","fwd","compact","black"
2886,2000,"skoda","octavia","gas",274000,"clean","manual","4wd","compact","black"
3293,2003,"nissan","x-trail","diesel",274000,"clean","manual","4wd","compact","black"
1443,1998,"smart","fortwo","gas",179690,"clean","manual","4wd","compact","black"
6587,2007,"skoda","octavia","gas",8249855,"clean","manual","rwd","compact","black"
1443,2000,"ford","focus","gas",167478,"clean","manual","4wd","compact","black"
1443,1999,"ford","focus","gas",169488,"clean","manual","fwd","compact","black"
2216,2002,"skoda","fabia","gas",142500,"clean","manual","4wd","compact","black"
2849,1800,"citroen","c5","gas",180000,"clean","manual","4wd","compact","black"
4182,2007,"skoda","octavia","diesel",100,"clean","manual","fwd","compact","black"
2183,2000,"skoda","octavia","gas",210000,"clean","manual","rwd","compact","black"
407,1996,"fiat","punto","gas",145000,"clean","manual","4wd","compact","black"
555,1997,"seat","toledo","diesel",207000,"rebuilt","manual","fwd","compact","black"
5551,2006,"skoda","octavia","gas",173000,"clean","manual","4wd","compact","black"
3663,2003,"mazda","6","gas",3116000,"clean","manual","4wd","compact","black"
2590,2010,"ford","mondeo","gas",181000,"clean","manual","4wd","compact","black"
3293,2004,"skoda","octavia","gas",194000,"clean","manual","rwd","compact","black"
1221,1997,"skoda","octavia","gas",100,"clean","manual","4wd","compact","black"
5070,1620,"skoda","octavia","gas",162000,"clean","manual","rwd","compact","black"
1295,1360,"citroen","xsara","gas",150000,"clean","manual","rwd","compact","black"
5551,1090,"skoda","octavia","gas",109000,"clean","manual","rwd","compact","black"
3145,2007,"skoda","roomster","gas",560000,"clean","manual","4wd","compact","black"
1184,2004,"hyundai","elantra","diesel",204000,"clean","manual","rwd","compact","black"
5181,2007,"citroen","jumpy","gas",7110000,"clean","manual","fwd","compact","black"
307,1896,"skoda","octavia","gas",200000,"clean","manual","4wd","compact","black"
4515,2005,"ford","galaxy","gas",205000,"rebuilt","manual","fwd","compact","black"
1850,2001,"seat","cordoba","gas",67000,"clean","manual","fwd","compact","black"
185,1999,"fiat","punto","gas",5000,"rebuilt","manual","fwd","compact","black"
155,2003,"ford","focus","gas",230000,"clean","manual","rwd","compact","black"
4811,2010,"skoda","fabia","gas",104500,"rebuilt","manual","fwd","compact","black"
4737,2005,"skoda","octavia","gas",199660,"clean","manual","fwd","compact","black"
4811,2011,"fiat","punto","diesel",114880,"clean","manual","4wd","compact","black"
5255,2011,"seat","ibiza","gas",54000,"rebuilt","manual","fwd","compact","black"
5033,2013,"chevrolet","spark","gas",7000,"clean","manual","4wd","compact","black"
5477,2007,"skoda","roomster","gas",147500,"clean","manual","rwd","compact","black"
740,1996,"seat","toledo","gas",342000,"clean","manual","rwd","compact","black"
5144,2008,"fiat","bravo","diesel",138000,"rebuilt","manual","fwd","compact","black"
1110,1000,"skoda","octavia","gas",1000,"clean","manual","fwd","compact","black"
3700,2004,"seat","alhambra","gas",249000,"clean","manual","4wd","compact","black"
4330,2004,"audi","a3","gas",228000,"clean","manual","4wd","compact","black"
1295,2001,"opel","zafira","gas",154000,"clean","manual","4wd","compact","black"
4071,2004,"honda","accord","gas",218000,"clean","manual","4wd","compact","black"
3327,1999,"mitsubishi","l200","gas",237000,"clean","manual","rwd","compact","black"
5144,2008,"citroen","c4","gas",213000,"clean","manual","4wd","compact","black"
3327,1999,"mitsubishi","l200","gas",237000,"clean","manual","rwd","compact","black"
647,2000,"fiat","multipla","gas",177000,"clean","manual","rwd","compact","black"
8512,2009,"skoda","octavia","gas",69000,"rebuilt","manual","fwd","compact","black"
2775,2004,"ford","mondeo","gas",158000,"rebuilt","manual","fwd","compact","black"
4441,2007,"volvo","s60","diesel",136,"clean","manual","rwd","compact","black"
2035,2001,"ford","mondeo","gas",179400,"clean","manual","rwd","compact","black"
555,1999,"nissan","primera","gas",220000,"clean","manual","4wd","compact","black"
11287,2011,"ford","mondeo","gas",110000,"rebuilt","manual","fwd","compact","black"
12028,2012,"ford","s-max","diesel",125328,"clean","manual","4wd","compact","black"
2590,1998,"skoda","octavia","gas",100,"clean","manual","4wd","compact","black"
6476,2007,"mini","cooper","gas",178000,"clean","manual","fwd","compact","black"
2031,2005,"hyundai","matrix","gas",100,"rebuilt","manual","fwd","compact","black"
2923,1995,"toyota","runner","gas",230000,"clean","manual","rwd","compact","black"
259,1997,"ford","mondeo","gas",150000,"rebuilt","manual","fwd","compact","black"
1665,2001,"citroen","c5","gas",320000,"clean","manual","rwd","compact","black"
10658,2011,"ford","mondeo","gas",125328,"clean","manual","4wd","compact","black"
999,1080,"toyota","rav4","gas",108000,"rebuilt","manual","fwd","compact","black"
592,2000,"ford","mondeo","gas",204532,"clean","manual","rwd","compact","black"
999,2001,"opel","astra","gas",140000,"rebuilt","manual","fwd","compact","black"
2105,2001,"volvo","v40","gas",183820,"clean","manual","rwd","compact","black"
1109,2000,"mazda","323","gas",240000,"clean","manual","4wd","compact","black"
4067,2006,"chrysler","pt-cruiser","gas",194000,"clean","manual","4wd","compact","black"
851,2004,"skoda","fabia","gas",165000,"clean","manual","fwd","compact","black"
518,1999,"seat","cordoba","diesel",290000,"clean","manual","fwd","compact","black"
2368,2004,"citroen","c2","gas",62000,"clean","manual","4wd","compact","black"
7768,2007,"jeep","grand-cherokee","diesel",191306,"rebuilt","manual","fwd","compact","black"
3515,2005,"volvo","v50","gas",5197000,"clean","manual","rwd","compact","black"
2923,1900,"audi","200","gas",239154,"clean","manual","4wd","compact","black"
6254,2009,"skoda","octavia","gas",310000,"clean","manual","4wd","compact","black"
5547,2007,"mazda","2","gas",183000,"clean","manual","4wd","compact","black"
5033,2007,"skoda","octavia","gas",209000,"clean","manual","4wd","compact","black"
555,1997,"opel","vectra","gas",146000,"rebuilt","manual","fwd","compact","black"
8142,2009,"skoda","octavia","gas",74000,"rebuilt","manual","fwd","compact","black"
2553,2000,"skoda","octavia","gas",275000,"clean","manual","rwd","compact","black"
1628,2001,"seat","cordoba","diesel",267000,"clean","manual","rwd","compact","black"
2035,2002,"skoda","fabia","gas",127083,"rebuilt","manual","fwd","compact","black"
5144,2005,"skoda","octavia","gas",5240000,"clean","manual","rwd","compact","black"
1739,1998,"skoda","octavia","diesel",267585,"clean","manual","rwd","compact","black"
2405,2003,"ford","galaxy","gas",178000,"clean","manual","4wd","compact","black"
13619,2011,"skoda","superb","diesel",118528,"clean","manual","fwd","compact","black"
13249,2011,"ford","galaxy","diesel",158288,"clean","manual","rwd","compact","black"
536,2008,"skoda","roomster","gas",98000,"clean","manual","rwd","compact","black"
740,1996,"opel","corsa","gas",68300,"clean","manual","fwd","compact","black"
3145,2006,"skoda","octavia","gas",6250629,"clean","manual","rwd","compact","black"
4811,2013,"opel","meriva","gas",1371200,"clean","manual","4wd","compact","black"
536,2007,"skoda","roomster","gas",254300,"clean","manual","rwd","compact","black"
1846,2005,"opel","corsa","gas",115000,"clean","manual","4wd","compact","black"
5544,2007,"skoda","octavia","gas",237000,"rebuilt","manual","fwd","compact","black"
4625,1250,"skoda","fabia","gas",125000,"clean","manual","rwd","compact","black"
3330,2007,"opel","zafira","gas",128000,"clean","manual","4wd","compact","black"
3700,2000,"nissan","patrol","diesel",154320,"clean","manual","4wd","compact","black"
12176,2007,"audi","q7","diesel",311479,"clean","manual","4wd","compact","black"
1813,2002,"opel","zafira","gas",244000,"clean","manual","rwd","compact","black"
6254,2006,"skoda","octavia","diesel",161117,"clean","manual","4wd","compact","black"
3545,1179,"seat","alhambra","gas",117985,"clean","manual","rwd","compact","black"
2775,1997,"suzuki","vitara","gas",81000,"rebuilt","manual","fwd","compact","black"
555,1996,"honda","civic","gas",100,"rebuilt","manual","fwd","compact","black"
13656,2012,"skoda","yeti","gas",58000,"clean","manual","4wd","compact","black"
2586,2002,"opel","frontera","gas",2002151,"clean","manual","rwd","compact","black"
1443,2002,"ford","mondeo","diesel",203000,"clean","manual","rwd","compact","black"
592,1996,"skoda","felicia","gas",6211000,"clean","manual","rwd","compact","black"
1813,1491,"seat","ibiza","gas",149106,"clean","manual","4wd","compact","black"
5736,1640,"skoda","octavia","gas",164000,"rebuilt","manual","fwd","compact","black"
2553,2006,"skoda","fabia","diesel",279000,"clean","manual","4wd","compact","black"
1698,1997,"audi","a4","gas",296000,"clean","manual","4wd","compact","black"
6102,1590,"skoda","octavia","gas",159000,"clean","manual","fwd","compact","black"
925,1994,"ford","escort","gas",158000,"clean","manual","rwd","compact","black"
3515,2004,"opel","meriva","gas",10,"clean","manual","4wd","compact","black"
3441,2007,"ford","fusion","diesel",158900,"clean","manual","rwd","compact","black"
1846,2001,"ford","focus","gas",4236000,"clean","manual","rwd","compact","black"
925,1998,"volvo","v40","gas",204000,"clean","manual","4wd","compact","black"
3145,1800,"seat","alhambra","gas",180000,"rebuilt","manual","fwd","compact","black"
462,1595,"seat","altea","gas",196500,"clean","manual","fwd","compact","black"
3293,2009,"fiat","panda","gas",79800,"rebuilt","manual","fwd","compact","black"
1295,1000,"citroen","saxo","gas",100,"clean","manual","4wd","compact","black"
4404,2004,"skoda","octavia","gas",1189000,"clean","manual","rwd","compact","black"
7586,2005,"nissan","murano","gas",170000,"clean","manual","4wd","compact","black"
592,2000,"ford","ka","gas",130000,"clean","manual","rwd","compact","black"
3697,2005,"skoda","fabia","gas",5131000,"rebuilt","manual","fwd","compact","black"
925,2000,"skoda","fabia","gas",240000,"clean","manual","rwd","compact","black"
1443,2001,"ford","focus","diesel",100,"clean","manual","rwd","compact","black"
1106,2001,"skoda","felicia","gas",101800,"clean","manual","rwd","compact","black"
2405,2008,"skoda","fabia","gas",2008,"clean","manual","4wd","compact","black"
9122,2014,"skoda","rapid","gas",17035,"clean","manual","4wd","compact","black"
6291,2011,"skoda","octavia","gas",171000,"clean","manual","4wd","compact","black"
4256,2006,"toyota","yaris","gas",109800,"rebuilt","manual","fwd","compact","black"
2590,2002,"citroen","berlingo","gas",176000,"clean","manual","4wd","compact","black"
555,1998,"skoda","felicia","gas",125000,"clean","manual","rwd","compact","black"
5144,2004,"citroen","jumper","gas",167000,"clean","manual","4wd","compact","black"
555,2000,"skoda","felicia","gas",236000,"clean","manual","4wd","compact","black"
444,1999,"opel","corsa","gas",139000,"clean","manual","rwd","compact","black"
481,2015,"opel","astra","gas",184000,"clean","manual","fwd","compact","black"
5847,2007,"skoda","octavia","gas",168000,"clean","manual","4wd","compact","black"
13656,2008,"volvo","xc70","gas",130,"clean","manual","fwd","compact","black"
1110,2005,"chevrolet","lacetti","gas",285050,"clean","manual","rwd","compact","black"
24056,2011,"audi","q5","gas",159300,"rebuilt","manual","fwd","compact","black"
736,2000,"opel","astra","gas",200800,"clean","manual","rwd","compact","black"
684,1994,"fiat","punto","gas",160000,"clean","manual","rwd","compact","black"
1480,1995,"kia","sportage","gas",107000,"clean","manual","rwd","compact","black"
2590,2006,"seat","cordoba","gas",117000,"rebuilt","manual","fwd","compact","black"
5884,2007,"ford","s-max","diesel",236123,"rebuilt","manual","fwd","compact","black"
6624,2009,"citroen","c3-picasso","gas",47500,"clean","manual","4wd","compact","black"
2031,2002,"citroen","xsara-picasso","gas",209201,"clean","manual","fwd","compact","black"
3293,2002,"skoda","octavia","diesel",208000,"rebuilt","manual","fwd","compact","black"
6254,1150,"ford","focus","gas",115000,"clean","manual","4wd","compact","black"
5181,2011,"toyota","aygo","gas",15490,"clean","manual","4wd","compact","black"
3886,2009,"ford","c-max","gas",952300,"clean","manual","4wd","compact","black"
740,1998,"fiat","marea","gas",153000,"rebuilt","manual","fwd","compact","black"
666,1997,"citroen","xantia","gas",275200,"clean","manual","4wd","compact","black"
3145,2009,"ford","mondeo","gas",9202165,"clean","manual","4wd","compact","black"
351,2000,"fiat","marea","gas",165700,"clean","manual","4wd","compact","black"
499,2010,"skoda","octavia","gas",66000,"clean","manual","4wd","compact","black"
4067,2004,"skoda","octavia","diesel",189475,"clean","manual","fwd","compact","black"
333,2000,"ford","focus","gas",200000,"clean","manual","rwd","compact","black"
6661,2011,"skoda","octavia","gas",1199778,"rebuilt","manual","fwd","compact","black"
8105,2010,"skoda","octavia","gas",1076000,"rebuilt","manual","fwd","compact","black"
6846,2011,"hyundai","i30","gas",43900,"rebuilt","manual","fwd","compact","black"
2405,2006,"skoda","superb","gas",6273000,"clean","manual","rwd","compact","black"
3293,2005,"skoda","octavia","gas",5290000,"clean","manual","rwd","compact","black"
1221,1999,"skoda","octavia","gas",330000,"clean","manual","rwd","compact","black"
2590,2005,"skoda","octavia","gas",5209000,"clean","manual","4wd","compact","black"
6661,2011,"skoda","superb","gas",1143000,"clean","manual","fwd","compact","black"
2035,2001,"skoda","fabia","gas",125000,"clean","manual","fwd","compact","black"
736,1998,"seat","ibiza","gas",145137,"clean","manual","rwd","compact","black"
3404,2012,"skoda","fabia","gas",2167000,"clean","manual","rwd","compact","black"
10214,2013,"skoda","octavia","gas",108000,"clean","manual","fwd","compact","black"
7401,2012,"skoda","superb","gas",85112,"rebuilt","manual","fwd","compact","black"
2757,1990,"fiat","grande-punto","diesel",108500,"clean","manual","rwd","compact","black"
4885,2011,"skoda","octavia","gas",1109000,"clean","manual","rwd","compact","black"
421,2003,"ford","galaxy","gas",205000,"rebuilt","manual","fwd","compact","black"
5551,2011,"skoda","octavia","gas",1182000,"clean","manual","fwd","compact","black"
7772,2011,"ford","galaxy","gas",150000,"rebuilt","manual","fwd","compact","black"
5144,2010,"toyota","yaris","gas",79900,"clean","manual","fwd","compact","black"
9252,2011,"bmw","x1","gas",1155110,"clean","manual","rwd","compact","black"
1702,2002,"skoda","fabia","gas",163450,"clean","manual","rwd","compact","black"
1776,2008,"skoda","fabia","gas",205000,"rebuilt","manual","fwd","compact","black"
6994,2007,"honda","civic","gas",116500,"clean","manual","4wd","compact","black"
1846,1998,"chrysler","stratus","gas",274004,"clean","manual","rwd","compact","black"
3700,2009,"skoda","octavia","gas",9198000,"clean","manual","rwd","compact","black"
3515,2003,"skoda","octavia","gas",200000,"rebuilt","manual","fwd","compact","black"
1258,2000,"volvo","s70","gas",260000,"clean","manual","4wd","compact","black"
8878,1770,"skoda","octavia","diesel",177000,"clean","manual","rwd","compact","black"
2405,2007,"skoda","roomster","gas",744000,"clean","manual","4wd","compact","black"
16280,1890,"audi","200","gas",189000,"rebuilt","manual","fwd","compact","black"
14800,2014,"skoda","superb","gas",189016,"clean","manual","rwd","compact","black"
9807,2009,"toyota","verso","diesel",125000,"rebuilt","manual","fwd","compact","black"
462,2006,"ford","focus","gas",114000,"clean","manual","4wd","compact","black"
1110,1000,"honda","civic","gas",1000,"clean","manual","rwd","compact","black"
1813,2002,"ford","mondeo","gas",6100,"rebuilt","manual","fwd","compact","black"
4071,1780,"skoda","octavia","gas",178000,"rebuilt","manual","fwd","compact","black"
1073,2002,"citroen","xsara-picasso","gas",236000,"clean","manual","fwd","compact","black"
1221,2001,"fiat","punto","gas",7130436,"clean","manual","rwd","compact","black"
5514,2005,"seat","altea","gas",147000,"clean","manual","4wd","compact","black"
1517,2001,"mazda","premacy","gas",171000,"clean","manual","rwd","compact","black"
1443,2005,"skoda","fabia","gas",231244,"clean","manual","rwd","compact","black"
5625,2006,"suzuki","sx4","gas",163000,"clean","manual","4wd","compact","black"
2035,2005,"skoda","octavia","gas",5231500,"clean","manual","rwd","compact","black"
6032,2008,"opel","zafira","gas",158000,"clean","manual","rwd","compact","black"
1291,2000,"fiat","punto","gas",123000,"clean","manual","4wd","compact","black"
2109,1995,"audi","a6","gas",347000,"clean","manual","rwd","compact","black"
3441,2001,"skoda","octavia","gas",189000,"clean","manual","rwd","compact","black"
2664,2008,"citroen","c1","gas",111000,"clean","manual","rwd","compact","black"
1628,2004,"hyundai","getz","gas",103000,"clean","manual","rwd","compact","black"
6457,2007,"audi","a6","diesel",217000,"clean","manual","rwd","compact","black"
851,1998,"skoda","octavia","gas",130000,"clean","manual","4wd","compact","black"
1813,2006,"citroen","c1","gas",183000,"clean","manual","4wd","compact","black"
3413,2007,"skoda","fabia","diesel",130364,"clean","manual","4wd","compact","black"
6254,2006,"skoda","octavia","gas",120000,"clean","manual","rwd","compact","black"
5514,2008,"skoda","fabia","gas",1977,"rebuilt","manual","fwd","compact","black"
1776,2000,"rover","100","gas",171000,"clean","manual","4wd","compact","black"
5056,2012,"smart","fortwo","gas",541492,"clean","manual","rwd","compact","black"
4034,2005,"skoda","octavia","gas",130000,"clean","manual","fwd","compact","black"
4807,2008,"opel","astra","gas",130000,"clean","manual","rwd","compact","black"
2923,2002,"fiat","doblo","gas",186000,"clean","manual","4wd","compact","black"
4737,2007,"ford","focus","gas",143400,"rebuilt","manual","fwd","compact","black"
14800,2007,"rover","200","gas",168072,"clean","manual","4wd","compact","black"
999,1998,"skoda","felicia","gas",190000,"rebuilt","manual","fwd","compact","black"
407,1996,"skoda","felicia","gas",148710,"clean","manual","rwd","compact","black"
4515,1940,"ford","galaxy","gas",194000,"clean","manual","rwd","compact","black"
3515,2007,"citroen","xsara-picasso","diesel",164991,"clean","manual","rwd","compact","black"
3108,2006,"ford","focus","gas",134000,"clean","manual","4wd","compact","black"
2035,2002,"fiat","punto","diesel",158632,"rebuilt","manual","fwd","compact","black"
2035,2005,"fiat","seicento","gas",70036,"rebuilt","manual","fwd","compact","black"
2035,2005,"ford","ka","gas",111360,"clean","manual","rwd","compact","black"
3515,2005,"fiat","stilo","gas",74400,"clean","manual","rwd","compact","black"
1850,2000,"ford","fiesta","gas",130734,"clean","manual","rwd","compact","black"
6658,2005,"audi","a6","gas",225903,"rebuilt","manual","fwd","compact","black"
2590,2003,"ford","focus","gas",178207,"clean","manual","rwd","compact","black"
577,2011,"fiat","doblo","gas",127000,"clean","manual","4wd","compact","black"
888,1999,"opel","astra","gas",187000,"clean","manual","fwd","compact","black"
2035,2003,"ford","focus","diesel",209961,"clean","manual","rwd","compact","black"
2109,2002,"skoda","octavia","gas",179000,"clean","manual","fwd","compact","black"
925,2000,"mazda","323","gas",2000,"clean","manual","rwd","compact","black"
4663,1930,"hyundai","ix35","gas",193000,"clean","manual","4wd","compact","black"
2031,2003,"ford","focus","diesel",141300,"clean","manual","rwd","compact","black"
1295,1999,"ford","focus","gas",241000,"rebuilt","manual","fwd","compact","black"
2960,2006,"kia","cerato","gas",86415,"rebuilt","manual","fwd","compact","black"
9030,2008,"volvo","xc60","diesel",191000,"clean","manual","4wd","compact","black"
2960,2006,"kia","rio","gas",131622,"clean","manual","4wd","compact","black"
851,1598,"opel","vectra","gas",200200,"rebuilt","manual","fwd","compact","black"
3330,2006,"mazda","2","gas",58546,"clean","manual","4wd","compact","black"
999,2000,"skoda","felicia","gas",135000,"clean","manual","fwd","compact","black"
2220,1997,"mercedes-benz","140","gas",274823,"clean","manual","fwd","compact","black"
1624,2002,"fiat","stilo","gas",183000,"rebuilt","manual","fwd","compact","black"
9955,2014,"skoda","rapid","gas",47000,"clean","manual","4wd","compact","black"
5366,2008,"opel","astra","gas",102917,"clean","manual","4wd","compact","black"
2960,1997,"opel","omega","gas",84755,"rebuilt","manual","fwd","compact","black"
1665,2001,"citroen","saxo","gas",180,"clean","manual","fwd","compact","black"
1998,2002,"smart","fortwo","diesel",173564,"clean","manual","4wd","compact","black"
2738,2000,"skoda","octavia","gas",176500,"clean","manual","fwd","compact","black"
3293,2005,"skoda","fabia","gas",127000,"rebuilt","manual","fwd","compact","black"
2405,2000,"skoda","fabia","gas",141282,"clean","manual","4wd","compact","black"
2590,2001,"skoda","fabia","gas",135314,"clean","manual","rwd","compact","black"
2960,2005,"skoda","fabia","gas",101171,"rebuilt","manual","fwd","compact","black"
5181,2008,"skoda","fabia","gas",230000,"clean","manual","4wd","compact","black"
1073,2009,"mitsubishi","lancer","gas",80000,"clean","manual","4wd","compact","black"
2331,1800,"opel","tigra","diesel",180000,"clean","manual","rwd","compact","black"
3330,2005,"skoda","octavia","gas",204382,"rebuilt","manual","fwd","compact","black"
2109,1900,"citroen","xsara-picasso","gas",190000,"clean","manual","4wd","compact","black"
5144,2010,"hyundai","i30","gas",1060000,"clean","manual","4wd","compact","black"
462,2011,"chevrolet","spark","gas",49000,"clean","manual","rwd","compact","black"
2757,2004,"skoda","fabia","gas",107600,"clean","manual","4wd","compact","black"
2183,2004,"citroen","xsara","diesel",228000,"rebuilt","manual","fwd","compact","black"
3886,2007,"skoda","fabia","gas",72733,"clean","manual","4wd","compact","black"
736,1999,"citroen","xsara","gas",265316,"clean","manual","4wd","compact","black"
1110,2003,"citroen","xsara","gas",214000,"rebuilt","manual","fwd","compact","black"
1110,2002,"citroen","c5","gas",6253000,"clean","manual","rwd","compact","black"
51776,2013,"audi","a6","diesel",44353,"clean","manual","rwd","compact","black"
2405,2007,"hyundai","accent","gas",83000,"rebuilt","manual","fwd","compact","black"
2213,2001,"ford","focus","gas",95472,"clean","manual","rwd","compact","black"
325,2005,"ford","mondeo","diesel",159217,"clean","manual","rwd","compact","black"
6624,2004,"volvo","xc90","gas",100,"clean","manual","rwd","compact","black"
5514,65,"toyota","avensis","gas",89300,"clean","manual","rwd","compact","black"
2553,1020,"citroen","c1","gas",102000,"rebuilt","manual","fwd","compact","black"
3293,2002,"audi","a4","gas",2172322,"clean","manual","4wd","compact","black"
6883,2011,"toyota","yaris","gas",45000,"clean","manual","4wd","compact","black"
3923,2003,"audi","a3","gas",3167111,"clean","manual","4wd","compact","black"
2738,2004,"skoda","fabia","gas",151249,"clean","manual","rwd","compact","black"
5144,2007,"citroen","jumper","gas",270000,"clean","manual","rwd","compact","black"
295,1992,"skoda","favorit","gas",41400,"clean","manual","rwd","compact","black"
2035,2003,"skoda","fabia","gas",100567,"clean","manual","fwd","compact","black"
4252,2009,"ford","fusion","gas",101912,"rebuilt","manual","fwd","compact","black"
9252,2012,"skoda","fabia","gas",30000,"clean","manual","rwd","compact","black"
1036,1998,"opel","astra","gas",207091,"clean","manual","4wd","compact","black"
155,2001,"ford","mondeo","gas",165513,"rebuilt","manual","fwd","compact","black"
4067,2006,"fiat","panda","diesel",143200,"clean","manual","rwd","compact","black"
847,2008,"volvo","v70","diesel",181000,"clean","manual","rwd","compact","black"
5177,2007,"ford","mondeo","diesel",168559,"clean","manual","fwd","compact","black"
2957,2007,"ford","fiesta","gas",117454,"rebuilt","manual","fwd","compact","black"
2590,2009,"chevrolet","matiz","gas",70500,"clean","manual","rwd","compact","black"
6994,2008,"skoda","octavia","gas",189000,"clean","manual","4wd","compact","black"
736,2002,"hyundai","matrix","diesel",125313,"clean","manual","4wd","compact","black"
2590,2005,"ford","fiesta","diesel",107000,"clean","manual","4wd","compact","black"
185,1996,"skoda","felicia","gas",202000,"rebuilt","manual","fwd","compact","black"
37,1904,"hyundai","accent","gas",190489,"clean","manual","4wd","compact","black"
192,2005,"ford","focus","gas",209500,"rebuilt","manual","fwd","compact","black"
192,2004,"citroen","berlingo","gas",205000,"rebuilt","manual","fwd","compact","black"
2072,2001,"skoda","fabia","gas",20000,"clean","manual","rwd","compact","black"
614,2011,"seat","ibiza","gas",38000,"clean","manual","4wd","compact","black"
444,1994,"seat","ibiza","gas",142862,"rebuilt","manual","fwd","compact","black"
3145,2007,"ford","fiesta","gas",112000,"clean","manual","4wd","compact","black"
5329,2006,"opel","zafira","gas",118000,"rebuilt","manual","fwd","compact","black"
8512,2007,"audi","a6-allroad","gas",246000,"clean","manual","4wd","compact","black"
22168,2011,"mercedes-benz","viano","diesel",203593,"clean","manual","4wd","compact","black"
1665,2000,"opel","zafira","gas",294,"rebuilt","manual","fwd","compact","black"
10288,2008,"bmw","x3","gas",237600,"clean","manual","4wd","compact","black"
5514,2005,"skoda","octavia","gas",1977,"clean","manual","4wd","compact","black"
1443,1550,"audi","a4","gas",155000,"clean","manual","rwd","compact","black"
2405,1945,"kia","picanto","gas",105700,"clean","manual","rwd","compact","black"
906,1998,"skoda","felicia","gas",107620,"rebuilt","manual","fwd","compact","black"
10325,2011,"skoda","octavia","diesel",158000,"clean","manual","4wd","compact","black"
10325,2012,"skoda","octavia","diesel",149000,"rebuilt","manual","fwd","compact","black"
884,1997,"skoda","felicia","gas",145500,"clean","manual","4wd","compact","black"
925,1999,"nissan","micra","gas",111722,"clean","manual","fwd","compact","black"
11435,2012,"opel","insignia","diesel",132000,"clean","manual","rwd","compact","black"
6624,2002,"opel","zafira","gas",66000,"clean","manual","fwd","compact","black"
2216,1320,"skoda","fabia","gas",132000,"clean","manual","4wd","compact","black"
2960,2005,"opel","astra","gas",178000,"rebuilt","manual","fwd","compact","black"
73501,2014,"audi","80","diesel",19800,"rebuilt","manual","fwd","compact","black"
4737,2005,"skoda","octavia","diesel",232000,"clean","manual","4wd","compact","black"
3293,2004,"kia","carens","gas",130000,"rebuilt","manual","fwd","compact","black"
5514,2007,"toyota","avensis","diesel",197000,"clean","manual","4wd","compact","black"
4034,2004,"skoda","superb","gas",155000,"clean","manual","rwd","compact","black"
847,2011,"ford","c-max","diesel",147000,"clean","manual","rwd","compact","black"
5514,2007,"ford","c-max","gas",135313,"clean","manual","4wd","compact","black"
3885,1998,"audi","tt","gas",163000,"clean","manual","rwd","compact","black"
5884,2005,"honda","cr-v","diesel",187000,"clean","manual","4wd","compact","black"
2553,2003,"skoda","octavia","gas",166370,"clean","manual","4wd","compact","black"
1776,2005,"hyundai","getz","gas",144900,"clean","manual","rwd","compact","black"
921,2005,"bmw","x5","diesel",198000,"rebuilt","manual","fwd","compact","black"
2553,2004,"ford","streetka","gas",100000,"rebuilt","manual","fwd","compact","black"
2035,2005,"chrysler","pt-cruiser","gas",100,"rebuilt","manual","fwd","compact","black"
333,2005,"audi","a3","gas",100,"clean","manual","4wd","compact","black"
2405,2004,"honda","civic","gas",98000,"clean","manual","4wd","compact","black"
2957,2001,"skoda","octavia","gas",187237,"rebuilt","manual","fwd","compact","black"
3145,2006,"jaguar","x-type","gas",100,"rebuilt","manual","fwd","compact","black"
6994,2007,"audi","a4","diesel",207000,"clean","manual","rwd","compact","black"
740,2000,"ford","escort","gas",230000,"clean","manual","rwd","compact","black"
5884,2008,"opel","zafira","gas",137000,"clean","manual","4wd","compact","black"
6994,2010,"ford","mondeo","diesel",162000,"clean","manual","4wd","compact","black"
2368,1896,"skoda","octavia","gas",250000,"clean","manual","4wd","compact","black"
2516,2003,"skoda","fabia","gas",250000,"clean","manual","rwd","compact","black"
5177,2006,"toyota","corolla-verso","diesel",208412,"clean","manual","rwd","compact","black"
1406,2002,"fiat","punto","gas",50,"rebuilt","manual","fwd","compact","black"
5144,2003,"toyota","rav4","gas",147000,"clean","manual","4wd","compact","black"
2368,2003,"skoda","fabia","gas",202000,"clean","manual","rwd","compact","black"
2923,2003,"opel","meriva","gas",164787,"rebuilt","manual","fwd","compact","black"
4067,2008,"fiat","qubo","diesel",144728,"clean","manual","4wd","compact","black"
155,1560,"skoda","fabia","gas",156000,"clean","manual","4wd","compact","black"
3663,2002,"audi","a3","diesel",202000,"clean","manual","4wd","compact","black"
1073,2002,"mazda","323","diesel",172000,"clean","manual","4wd","compact","black"
2368,2005,"opel","meriva","gas",133000,"clean","manual","4wd","compact","black"
2183,2005,"citroen","xsara-picasso","gas",151000,"rebuilt","manual","fwd","compact","black"
4811,2009,"ford","focus","gas",186000,"clean","manual","rwd","compact","black"
1813,2005,"fiat","stilo","gas",220000,"rebuilt","manual","fwd","compact","black"
4552,2004,"skoda","fabia","gas",249600,"clean","manual","fwd","compact","black"
9918,2010,"audi","a4","gas",210000,"clean","manual","rwd","compact","black"
192,2000,"audi","a8","gas",302000,"rebuilt","manual","fwd","compact","black"
9252,2005,"jaguar","s-type","gas",145000,"rebuilt","manual","fwd","compact","black"
2368,2005,"mazda","2","gas",179000,"clean","manual","4wd","compact","black"
462,2007,"citroen","c3","gas",764905,"clean","manual","fwd","compact","black"
1665,2000,"volvo","v70","gas",300000,"rebuilt","manual","fwd","compact","black"
3663,2006,"opel","zafira","gas",94000,"clean","manual","fwd","compact","black"
1295,1360,"citroen","xsara","gas",150000,"clean","manual","rwd","compact","black"
268,2005,"citroen","xsara-picasso","gas",5176000,"clean","manual","4wd","compact","black"
